{
  "model_name": "DecisionTree_ClassifierChain_PCATrue_test0.6_depthNone",
  "config": {
    "test_size": 0.6,
    "max_depth": null,
    "estimator_type": "DecisionTree",
    "multi_output_type": "ClassifierChain",
    "use_pca": true,
    "pca_components": 0.95,
    "class_weight": "balanced",
    "n_estimators": null
  },
  "exact_match_count": 1028,
  "total_samples": 29251,
  "exact_match_percentage": 3.5144097637687604,
  "avg_accuracy": 0.942705723099483,
  "avg_precision": 0.5373556958455511,
  "avg_recall": 0.5072235724591807,
  "avg_f1": 0.5135161095149849,
  "accuracy_std": 0.07574713722159829,
  "precision_std": 0.14841436205259434,
  "recall_std": 0.14994596794970835,
  "f1_std": 0.1486156887473464,
  "accuracy_min": 0.6984376602509316,
  "accuracy_max": 1.0,
  "precision_min": 0.36092869659027366,
  "precision_max": 1.0,
  "recall_min": 0.3420619077081121,
  "recall_max": 1.0,
  "f1_min": 0.345068345105845,
  "f1_max": 1.0
}