{
  "model_name": "DecisionTree_MultiOutputClassifier_PCATrue_test0.6_depth10",
  "config": {
    "test_size": 0.6,
    "max_depth": 10,
    "estimator_type": "DecisionTree",
    "multi_output_type": "MultiOutputClassifier",
    "use_pca": true,
    "pca_components": 0.95,
    "class_weight": "balanced",
    "n_estimators": null
  },
  "exact_match_count": 6,
  "total_samples": 29251,
  "exact_match_percentage": 0.02051211924378654,
  "avg_accuracy": 0.8064608811337237,
  "avg_precision": 0.5216558602142946,
  "avg_recall": 0.629757377052928,
  "avg_f1": 0.4941845830679696,
  "accuracy_std": 0.19225002090422283,
  "precision_std": 0.1494789430583149,
  "recall_std": 0.12841542817583584,
  "f1_std": 0.15431090447772927,
  "accuracy_min": 0.4791289186694472,
  "accuracy_max": 1.0,
  "precision_min": 0.3571859100594221,
  "precision_max": 1.0,
  "recall_min": 0.4060891157575848,
  "recall_max": 1.0,
  "f1_min": 0.29672583925406604,
  "f1_max": 1.0
}