{
  "model_name": "DecisionTree_MultiOutputClassifier_PCATrue_test0.9_depth10",
  "config": {
    "test_size": 0.9,
    "max_depth": 10,
    "estimator_type": "DecisionTree",
    "multi_output_type": "MultiOutputClassifier",
    "use_pca": true,
    "pca_components": 0.95,
    "class_weight": "balanced",
    "n_estimators": null
  },
  "exact_match_count": 51,
  "total_samples": 43876,
  "exact_match_percentage": 0.11623666697055338,
  "avg_accuracy": 0.8347358998182499,
  "avg_precision": 0.4963247393939566,
  "avg_recall": 0.5591957247336812,
  "avg_f1": 0.4806233588170436,
  "accuracy_std": 0.16779242563808017,
  "precision_std": 0.14934994743010913,
  "recall_std": 0.14262288352560143,
  "f1_std": 0.15465076277391612,
  "accuracy_min": 0.47989789406509253,
  "accuracy_max": 1.0,
  "precision_min": 0.3489319258797306,
  "precision_max": 1.0,
  "recall_min": 0.372153425912998,
  "recall_max": 1.0,
  "f1_min": 0.3145902645444591,
  "f1_max": 1.0
}