{
  "model_name": "DecisionTree_MultiOutputClassifier_PCATrue_test0.6_depth20",
  "config": {
    "test_size": 0.6,
    "max_depth": 20,
    "estimator_type": "DecisionTree",
    "multi_output_type": "MultiOutputClassifier",
    "use_pca": true,
    "pca_components": 0.95,
    "class_weight": "balanced",
    "n_estimators": null
  },
  "exact_match_count": 71,
  "total_samples": 29251,
  "exact_match_percentage": 0.24272674438480737,
  "avg_accuracy": 0.8142482126452125,
  "avg_precision": 0.5282594810943467,
  "avg_recall": 0.5679080867570488,
  "avg_f1": 0.4976266978610128,
  "accuracy_std": 0.18654165072125956,
  "precision_std": 0.15302057012010783,
  "recall_std": 0.13823909596687908,
  "f1_std": 0.15648007800294214,
  "accuracy_min": 0.5080851936685925,
  "accuracy_max": 1.0,
  "precision_min": 0.33601310284500735,
  "precision_max": 1.0,
  "recall_min": 0.3382333812527332,
  "recall_max": 1.0,
  "f1_min": 0.31780530413696195,
  "f1_max": 1.0
}