{
  "model_name": "DecisionTree_MultiOutputClassifier_PCATrue_test0.9_depthNone",
  "config": {
    "test_size": 0.9,
    "max_depth": null,
    "estimator_type": "DecisionTree",
    "multi_output_type": "MultiOutputClassifier",
    "use_pca": true,
    "pca_components": 0.95,
    "class_weight": "balanced",
    "n_estimators": null
  },
  "exact_match_count": 595,
  "total_samples": 43876,
  "exact_match_percentage": 1.3560944479897894,
  "avg_accuracy": 0.911823553030494,
  "avg_precision": 0.49131182992770445,
  "avg_recall": 0.49874382565338476,
  "avg_f1": 0.48887179704821215,
  "accuracy_std": 0.10082461175512601,
  "precision_std": 0.15108636528370276,
  "recall_std": 0.1541343984133571,
  "f1_std": 0.1525736804936009,
  "accuracy_min": 0.6398942474245601,
  "accuracy_max": 1.0,
  "precision_min": 0.3373065605155982,
  "precision_max": 1.0,
  "recall_min": 0.33873044944841535,
  "recall_max": 1.0,
  "f1_min": 0.3352254099292345,
  "f1_max": 1.0
}