{
  "model_name": "DecisionTree_ClassifierChain_PCATrue_test0.6_depth20",
  "config": {
    "test_size": 0.6,
    "max_depth": 20,
    "estimator_type": "DecisionTree",
    "multi_output_type": "ClassifierChain",
    "use_pca": true,
    "pca_components": 0.95,
    "class_weight": "balanced",
    "n_estimators": null
  },
  "exact_match_count": 2370,
  "total_samples": 29251,
  "exact_match_percentage": 8.102287101295683,
  "avg_accuracy": 0.9452661011043814,
  "avg_precision": 0.5330455423417942,
  "avg_recall": 0.5123829686991149,
  "avg_f1": 0.5013305563248195,
  "accuracy_std": 0.07993311750738576,
  "precision_std": 0.14576683787782474,
  "recall_std": 0.14875600341197384,
  "f1_std": 0.15083278579366136,
  "accuracy_min": 0.5860312467949814,
  "accuracy_max": 1.0,
  "precision_min": 0.3403649337882442,
  "precision_max": 1.0,
  "recall_min": 0.3396016086370495,
  "recall_max": 1.0,
  "f1_min": 0.3406056351374473,
  "f1_max": 1.0
}