{
  "model_name": "DecisionTree_MultiOutputClassifier_PCATrue_test0.6_depthNone",
  "config": {
    "test_size": 0.6,
    "max_depth": null,
    "estimator_type": "DecisionTree",
    "multi_output_type": "MultiOutputClassifier",
    "use_pca": true,
    "pca_components": 0.95,
    "class_weight": "balanced",
    "n_estimators": null
  },
  "exact_match_count": 190,
  "total_samples": 29251,
  "exact_match_percentage": 0.649550442719907,
  "avg_accuracy": 0.8493937650431299,
  "avg_precision": 0.5299609676016716,
  "avg_recall": 0.5019495277776472,
  "avg_f1": 0.4996138235621061,
  "accuracy_std": 0.15744603598864884,
  "precision_std": 0.15474143811585106,
  "recall_std": 0.15719804900056772,
  "f1_std": 0.15886700573344756,
  "accuracy_min": 0.5449386345765956,
  "accuracy_max": 1.0,
  "precision_min": 0.3236073909467797,
  "precision_max": 1.0,
  "recall_min": 0.31707799474668197,
  "recall_max": 1.0,
  "f1_min": 0.30969066622385527,
  "f1_max": 1.0
}