{
  "model_name": "DecisionTree_MultiOutputClassifier_PCATrue_test0.2_depth20",
  "config": {
    "test_size": 0.2,
    "max_depth": 20,
    "estimator_type": "DecisionTree",
    "multi_output_type": "MultiOutputClassifier",
    "use_pca": true,
    "pca_components": 0.95,
    "class_weight": "balanced",
    "n_estimators": null
  },
  "exact_match_count": 8,
  "total_samples": 9751,
  "exact_match_percentage": 0.08204286739821556,
  "avg_accuracy": 0.7979912589434365,
  "avg_precision": 0.5398072875717455,
  "avg_recall": 0.6240313543827286,
  "avg_f1": 0.5130168723407428,
  "accuracy_std": 0.20198646657284108,
  "precision_std": 0.1677561526678235,
  "recall_std": 0.1494544970413212,
  "f1_std": 0.1779156826988098,
  "accuracy_min": 0.4485693774997436,
  "accuracy_max": 1.0,
  "precision_min": 0.35238621945439647,
  "precision_max": 1.0,
  "recall_min": 0.4497620942219873,
  "recall_max": 1.0,
  "f1_min": 0.31703917413129123,
  "f1_max": 1.0
}