{
  "model_name": "DecisionTree_ClassifierChain_PCATrue_test0.2_depthNone",
  "config": {
    "test_size": 0.2,
    "max_depth": null,
    "estimator_type": "DecisionTree",
    "multi_output_type": "ClassifierChain",
    "use_pca": true,
    "pca_components": 0.95,
    "class_weight": "balanced",
    "n_estimators": null
  },
  "exact_match_count": 156,
  "total_samples": 9751,
  "exact_match_percentage": 1.5998359142652037,
  "avg_accuracy": 0.9437395400799046,
  "avg_precision": 0.5777174858846758,
  "avg_recall": 0.5356088195577703,
  "avg_f1": 0.5451013052409077,
  "accuracy_std": 0.0884321944290203,
  "precision_std": 0.170424922873197,
  "recall_std": 0.16668818741139224,
  "f1_std": 0.16766490941449186,
  "accuracy_min": 0.5223054045738899,
  "accuracy_max": 1.0,
  "precision_min": 0.36515292255822757,
  "precision_max": 1.0,
  "recall_min": 0.3217582202437994,
  "recall_max": 1.0,
  "f1_min": 0.34667446430162935,
  "f1_max": 1.0
}