{
  "model_name": "DecisionTree_ClassifierChain_PCATrue_test0.9_depth20",
  "config": {
    "test_size": 0.9,
    "max_depth": 20,
    "estimator_type": "DecisionTree",
    "multi_output_type": "ClassifierChain",
    "use_pca": true,
    "pca_components": 0.95,
    "class_weight": "balanced",
    "n_estimators": null
  },
  "exact_match_count": 3790,
  "total_samples": 43876,
  "exact_match_percentage": 8.637979761145045,
  "avg_accuracy": 0.9435934538923039,
  "avg_precision": 0.5216147071446637,
  "avg_recall": 0.5055918330253669,
  "avg_f1": 0.49824645423534675,
  "accuracy_std": 0.06894201344573121,
  "precision_std": 0.1473790336779769,
  "recall_std": 0.15075429743141494,
  "f1_std": 0.14881861002692925,
  "accuracy_min": 0.7398121980125809,
  "accuracy_max": 1.0,
  "precision_min": 0.3499283759153234,
  "precision_max": 1.0,
  "recall_min": 0.3466451300415341,
  "recall_max": 1.0,
  "f1_min": 0.35287868491183944,
  "f1_max": 1.0
}