{
  "model_name": "DecisionTree_ClassifierChain_PCATrue_test0.9_depthNone",
  "config": {
    "test_size": 0.9,
    "max_depth": null,
    "estimator_type": "DecisionTree",
    "multi_output_type": "ClassifierChain",
    "use_pca": true,
    "pca_components": 0.95,
    "class_weight": "balanced",
    "n_estimators": null
  },
  "exact_match_count": 2951,
  "total_samples": 43876,
  "exact_match_percentage": 6.725772631962804,
  "avg_accuracy": 0.9411329413841328,
  "avg_precision": 0.5202471186128294,
  "avg_recall": 0.4978017607368626,
  "avg_f1": 0.4964981343515998,
  "accuracy_std": 0.07151746282627669,
  "precision_std": 0.15381957532178847,
  "recall_std": 0.15278546963145437,
  "f1_std": 0.1496347288841417,
  "accuracy_min": 0.7345473607439147,
  "accuracy_max": 1.0,
  "precision_min": 0.3551307370441004,
  "precision_max": 1.0,
  "recall_min": 0.34532140958877494,
  "recall_max": 1.0,
  "f1_min": 0.3480830889516538,
  "f1_max": 1.0
}