{
  "total_samples": 8776,
  "exact_match_percentage": 11.77073837739289,
  "avg_accuracy": 0.9497493163172287,
  "avg_precision": 0.7450670707451653,
  "avg_recall": 0.724584207322577,
  "avg_f1": 0.6885826057722509,
  "validation_indexes": [
    17234,
    22109
  ],
  "config": {
    "test_size": 0.2,
    "max_depth": 10,
    "estimator_type": "RandomForest",
    "multi_output_type": "ClassifierChain",
    "use_pca": false,
    "pca_components": 0.95,
    "class_weight": "balanced",
    "n_estimators": 100
  }
}