{
  "EXACT_MATCH": 1.0711030082041932,
  "AVG_F1": 0.7126901123042511,
  "total_samples": 8776,
  "avg_accuracy": 0.9654085610659632,
  "avg_precision": 0.7736316406721758,
  "avg_recall": 0.7061344658191916,
  "validation_indexes": [
    13705,
    18580
  ],
  "config": {
    "test_size": 0.2,
    "max_depth": 10,
    "estimator_type": "DecisionTree",
    "multi_output_type": "MultiOutputClassifier",
    "use_pca": false,
    "pca_components": 0.95,
    "class_weight": null,
    "n_estimators": null
  }
}