{
  "EXACT_MATCH": 11.77073837739289,
  "AVG_F1": 0.6886906495429475,
  "total_samples": 8776,
  "avg_accuracy": 0.9495311196881242,
  "avg_precision": 0.7410589929674589,
  "avg_recall": 0.7204018843430948,
  "validation_indexes": [
    17006,
    21881
  ],
  "config": {
    "test_size": 0.2,
    "max_depth": 10,
    "estimator_type": "RandomForest",
    "multi_output_type": "ClassifierChain",
    "use_pca": false,
    "pca_components": 0.95,
    "class_weight": "balanced",
    "n_estimators": 100
  },
  "validation_result": {
    "EXACT_MATCH": 12.492307692307692,
    "AVG_F1": 0.8273860850138398,
    "total_samples": 4875,
    "avg_accuracy": 0.9513627932351337,
    "avg_precision": 0.8313662917099431,
    "avg_recall": 0.8406872053227166,
    "unordered_runtime": 50.63168287277222,
    "ordered_runtime": 47.88911056518555,
    "faster_performance_percentage": 5.726922624410708
  }
}