{
  "EXACT_MATCH": 1.0711030082041932,
  "AVG_F1": 0.7126901123042511,
  "total_samples": 8776,
  "avg_accuracy": 0.9654085610659632,
  "avg_precision": 0.7736316406721758,
  "avg_recall": 0.7061344658191916,
  "validation_indexes": [
    13705,
    18580
  ],
  "config": {
    "test_size": 0.2,
    "max_depth": 10,
    "estimator_type": "DecisionTree",
    "multi_output_type": "MultiOutputClassifier",
    "use_pca": false,
    "pca_components": 0.95,
    "class_weight": null,
    "n_estimators": null
  },
  "validation_result": {
    "EXACT_MATCH": 0.20512820512820512,
    "AVG_F1": 0.8306254998737663,
    "total_samples": 4875,
    "avg_accuracy": 0.966847790507365,
    "avg_precision": 0.8456181850113083,
    "avg_recall": 0.8376409922491623
  }
}