{
  "EXACT_MATCH": 12.053787641377738,
  "AVG_F1": 0.5884507984916293,
  "total_samples": 35101,
  "avg_accuracy": 0.9498498860734402,
  "avg_precision": 0.7039106333950834,
  "avg_recall": 0.591113875649854,
  "validation_indexes": [
    38734,
    43609
  ],
  "config": {
    "test_size": 0.8,
    "max_depth": 10,
    "estimator_type": "RandomForest",
    "multi_output_type": "ClassifierChain",
    "use_pca": false,
    "pca_components": 0.95,
    "class_weight": "balanced",
    "n_estimators": 100
  }
}