{
  "EXACT_MATCH": 11.314949863263447,
  "AVG_F1": 0.688561162695016,
  "total_samples": 8776,
  "avg_accuracy": 0.9496596132585969,
  "avg_precision": 0.7422842469405058,
  "avg_recall": 0.7260191216820348,
  "validation_indexes": [
    24054,
    28929
  ],
  "config": {
    "test_size": 0.2,
    "max_depth": 10,
    "estimator_type": "RandomForest",
    "multi_output_type": "ClassifierChain",
    "use_pca": false,
    "pca_components": 0.95,
    "class_weight": "balanced",
    "n_estimators": 100
  }
}