{
  "EXACT_MATCH": 1.2078395624430265,
  "AVG_F1": 0.7137411953604534,
  "total_samples": 8776,
  "avg_accuracy": 0.9653431020772316,
  "avg_precision": 0.772430443412359,
  "avg_recall": 0.7082406514568814,
  "validation_indexes": [
    24054,
    28929
  ],
  "config": {
    "test_size": 0.2,
    "max_depth": 10,
    "estimator_type": "DecisionTree",
    "multi_output_type": "MultiOutputClassifier",
    "use_pca": false,
    "pca_components": 0.95,
    "class_weight": null,
    "n_estimators": null
  }
}